part,model,source,target,source_risk,target_risk,tv,abs_gap_over_tv,model_arm_loss_disagreement,bound_holds,treatment,empirical_risk,population_risk,absolute_gap,hoeffding_radius
step2_trained_tv,pair-alpha-0,0,1,0.00011491869837308357,0.00011529829142520473,0.27232900592007064,1.3938766854404812e-06,5.854691731421724e-18,True,,,,,
step2_trained_tv,pair-alpha-0,0,2,0.00011491869837308357,0.00016009083673647445,0.4397316797430353,0.00010272659543153224,5.854691731421724e-18,True,,,,,
step2_trained_tv,pair-alpha-0,0,3,0.00011491869837308357,0.0002640309331161579,0.5798359356089058,0.0002571628034514391,5.854691731421724e-18,True,,,,,
step2_trained_tv,pair-alpha-0,1,0,0.00011529829142520473,0.00011491869837308357,0.27232900592007064,1.3938766854404812e-06,5.854691731421724e-18,True,,,,,
step2_trained_tv,pair-alpha-0,1,2,0.00011529829142520473,0.00016009083673647445,0.176048288085827,0.0002544332909924831,5.854691731421724e-18,True,,,,,
step2_trained_tv,pair-alpha-0,1,3,0.00011529829142520473,0.0002640309331161579,0.42847686776670113,0.00034711941969277035,5.854691731421724e-18,True,,,,,
step2_trained_tv,pair-alpha-0,2,0,0.00016009083673647445,0.00011491869837308357,0.4397316797430353,0.00010272659543153224,5.854691731421724e-18,True,,,,,
step2_trained_tv,pair-alpha-0,2,1,0.00016009083673647445,0.00011529829142520473,0.176048288085827,0.0002544332909924831,5.854691731421724e-18,True,,,,,
step2_trained_tv,pair-alpha-0,2,3,0.00016009083673647445,0.0002640309331161579,0.2664548458966009,0.00039008521699026606,5.854691731421724e-18,True,,,,,
step2_trained_tv,pair-alpha-0,3,0,0.0002640309331161579,0.00011491869837308357,0.5798359356089058,0.0002571628034514391,5.854691731421724e-18,True,,,,,
step2_trained_tv,pair-alpha-0,3,1,0.0002640309331161579,0.00011529829142520473,0.42847686776670113,0.00034711941969277035,5.854691731421724e-18,True,,,,,
step2_trained_tv,pair-alpha-0,3,2,0.0002640309331161579,0.00016009083673647445,0.2664548458966009,0.00039008521699026606,5.854691731421724e-18,True,,,,,
step2_trained_tv,pair-alpha-0.5,0,1,0.04076775217648622,0.026724276234980072,0.27232900592007064,0.05156805054261443,6.938893903907228e-17,True,,,,,
step2_trained_tv,pair-alpha-0.5,0,2,0.04076775217648622,0.028638292635402893,0.4397316797430353,0.027583774605849147,6.938893903907228e-17,True,,,,,
step2_trained_tv,pair-alpha-0.5,0,3,0.04076775217648622,0.047994448152809704,0.5798359356089058,0.012463346151070271,6.938893903907228e-17,True,,,,,
step2_trained_tv,pair-alpha-0.5,1,0,0.026724276234980072,0.04076775217648622,0.27232900592007064,0.05156805054261443,6.938893903907228e-17,True,,,,,
step2_trained_tv,pair-alpha-0.5,1,2,0.026724276234980072,0.028638292635402893,0.176048288085827,0.010872110267210893,6.938893903907228e-17,True,,,,,
step2_trained_tv,pair-alpha-0.5,1,3,0.026724276234980072,0.047994448152809704,0.42847686776670113,0.049641354103183245,6.938893903907228e-17,True,,,,,
step2_trained_tv,pair-alpha-0.5,2,0,0.028638292635402893,0.04076775217648622,0.4397316797430353,0.027583774605849147,6.938893903907228e-17,True,,,,,
step2_trained_tv,pair-alpha-0.5,2,1,0.028638292635402893,0.026724276234980072,0.176048288085827,0.010872110267210893,6.938893903907228e-17,True,,,,,
step2_trained_tv,pair-alpha-0.5,2,3,0.028638292635402893,0.047994448152809704,0.2664548458966009,0.07264328577802658,6.938893903907228e-17,True,,,,,
step2_trained_tv,pair-alpha-0.5,3,0,0.047994448152809704,0.04076775217648622,0.5798359356089058,0.012463346151070271,6.938893903907228e-17,True,,,,,
step2_trained_tv,pair-alpha-0.5,3,1,0.047994448152809704,0.026724276234980072,0.42847686776670113,0.049641354103183245,6.938893903907228e-17,True,,,,,
step2_trained_tv,pair-alpha-0.5,3,2,0.047994448152809704,0.028638292635402893,0.2664548458966009,0.07264328577802658,6.938893903907228e-17,True,,,,,
step2_trained_tv,pair-alpha-2,0,1,0.1639309060451095,0.1057809105326205,0.27232900592007064,0.21352846831731243,1.1102230246251565e-16,True,,,,,
step2_trained_tv,pair-alpha-2,0,2,0.1639309060451095,0.09058015597343688,0.4397316797430353,0.16680797279499254,1.1102230246251565e-16,True,,,,,
step2_trained_tv,pair-alpha-2,0,3,0.1639309060451095,0.11704227496086222,0.5798359356089058,0.08086534173672401,1.1102230246251565e-16,True,,,,,
step2_trained_tv,pair-alpha-2,1,0,0.1057809105326205,0.1639309060451095,0.27232900592007064,0.21352846831731243,1.1102230246251565e-16,True,,,,,
step2_trained_tv,pair-alpha-2,1,2,0.1057809105326205,0.09058015597343688,0.176048288085827,0.08634423387163495,1.1102230246251565e-16,True,,,,,
step2_trained_tv,pair-alpha-2,1,3,0.1057809105326205,0.11704227496086222,0.42847686776670113,0.026282315978778496,1.1102230246251565e-16,True,,,,,
step2_trained_tv,pair-alpha-2,2,0,0.09058015597343688,0.1639309060451095,0.4397316797430353,0.16680797279499254,1.1102230246251565e-16,True,,,,,
step2_trained_tv,pair-alpha-2,2,1,0.09058015597343688,0.1057809105326205,0.176048288085827,0.08634423387163495,1.1102230246251565e-16,True,,,,,
step2_trained_tv,pair-alpha-2,2,3,0.09058015597343688,0.11704227496086222,0.2664548458966009,0.09931183236087249,1.1102230246251565e-16,True,,,,,
step2_trained_tv,pair-alpha-2,3,0,0.11704227496086222,0.1639309060451095,0.5798359356089058,0.08086534173672401,1.1102230246251565e-16,True,,,,,
step2_trained_tv,pair-alpha-2,3,1,0.11704227496086222,0.1057809105326205,0.42847686776670113,0.026282315978778496,1.1102230246251565e-16,True,,,,,
step2_trained_tv,pair-alpha-2,3,2,0.11704227496086222,0.09058015597343688,0.2664548458966009,0.09931183236087249,1.1102230246251565e-16,True,,,,,
step2_trained_tv,ova-alpha-0,0,1,0.00010812143043024257,0.00011647977274786721,0.27232900592007064,3.069207515881666e-05,7.15573433840433e-18,True,,,,,
step2_trained_tv,ova-alpha-0,0,2,0.00010812143043024257,0.0001775720220878379,0.4397316797430353,0.00015793856766967523,7.15573433840433e-18,True,,,,,
step2_trained_tv,ova-alpha-0,0,3,0.00010812143043024257,0.0003112552388222718,0.5798359356089058,0.0003503298017890377,7.15573433840433e-18,True,,,,,
step2_trained_tv,ova-alpha-0,1,0,0.00011647977274786721,0.00010812143043024257,0.27232900592007064,3.069207515881666e-05,7.15573433840433e-18,True,,,,,
step2_trained_tv,ova-alpha-0,1,2,0.00011647977274786721,0.0001775720220878379,0.176048288085827,0.0003470198432726993,7.15573433840433e-18,True,,,,,
step2_trained_tv,ova-alpha-0,1,3,0.00011647977274786721,0.0003112552388222718,0.42847686776670113,0.0004545763860943287,7.15573433840433e-18,True,,,,,
step2_trained_tv,ova-alpha-0,2,0,0.0001775720220878379,0.00010812143043024257,0.4397316797430353,0.00015793856766967523,7.15573433840433e-18,True,,,,,
step2_trained_tv,ova-alpha-0,2,1,0.0001775720220878379,0.00011647977274786721,0.176048288085827,0.0003470198432726993,7.15573433840433e-18,True,,,,,
step2_trained_tv,ova-alpha-0,2,3,0.0001775720220878379,0.0003112552388222718,0.2664548458966009,0.0005017105854637385,7.15573433840433e-18,True,,,,,
step2_trained_tv,ova-alpha-0,3,0,0.0003112552388222718,0.00010812143043024257,0.5798359356089058,0.0003503298017890377,7.15573433840433e-18,True,,,,,
step2_trained_tv,ova-alpha-0,3,1,0.0003112552388222718,0.00011647977274786721,0.42847686776670113,0.0004545763860943287,7.15573433840433e-18,True,,,,,
step2_trained_tv,ova-alpha-0,3,2,0.0003112552388222718,0.0001775720220878379,0.2664548458966009,0.0005017105854637385,7.15573433840433e-18,True,,,,,
step2_trained_tv,ova-alpha-0.5,0,1,0.007824796440719295,0.005011959215517452,0.27232900592007064,0.010328819788030286,3.122502256758253e-17,True,,,,,
step2_trained_tv,ova-alpha-0.5,0,2,0.007824796440719295,0.005169041160008874,0.4397316797430353,0.006039490450772972,3.122502256758253e-17,True,,,,,
step2_trained_tv,ova-alpha-0.5,0,3,0.007824796440719295,0.008445305411525265,0.5798359356089058,0.0010701457648608014,3.122502256758253e-17,True,,,,,
step2_trained_tv,ova-alpha-0.5,1,0,0.005011959215517452,0.007824796440719295,0.27232900592007064,0.010328819788030286,3.122502256758253e-17,True,,,,,
step2_trained_tv,ova-alpha-0.5,1,2,0.005011959215517452,0.005169041160008874,0.176048288085827,0.0008922662424007323,3.122502256758253e-17,True,,,,,
step2_trained_tv,ova-alpha-0.5,1,3,0.005011959215517452,0.008445305411525265,0.42847686776670113,0.008012909107329491,3.122502256758253e-17,True,,,,,
step2_trained_tv,ova-alpha-0.5,2,0,0.005169041160008874,0.007824796440719295,0.4397316797430353,0.006039490450772972,3.122502256758253e-17,True,,,,,
step2_trained_tv,ova-alpha-0.5,2,1,0.005169041160008874,0.005011959215517452,0.176048288085827,0.0008922662424007323,3.122502256758253e-17,True,,,,,
step2_trained_tv,ova-alpha-0.5,2,3,0.005169041160008874,0.008445305411525265,0.2664548458966009,0.01229575780651316,3.122502256758253e-17,True,,,,,
step2_trained_tv,ova-alpha-0.5,3,0,0.008445305411525265,0.007824796440719295,0.5798359356089058,0.0010701457648608014,3.122502256758253e-17,True,,,,,
step2_trained_tv,ova-alpha-0.5,3,1,0.008445305411525265,0.005011959215517452,0.42847686776670113,0.008012909107329491,3.122502256758253e-17,True,,,,,
step2_trained_tv,ova-alpha-0.5,3,2,0.008445305411525265,0.005169041160008874,0.2664548458966009,0.01229575780651316,3.122502256758253e-17,True,,,,,
step2_trained_tv,ova-alpha-2,0,1,0.15683420126331804,0.09984759108079275,0.27232900592007064,0.2092564836786098,1.1102230246251565e-16,True,,,,,
step2_trained_tv,ova-alpha-2,0,2,0.15683420126331804,0.08667129935549095,0.4397316797430353,0.15955844243204853,1.1102230246251565e-16,True,,,,,
step2_trained_tv,ova-alpha-2,0,3,0.15683420126331804,0.11634736249027879,0.5798359356089058,0.06982464570865658,1.1102230246251565e-16,True,,,,,
step2_trained_tv,ova-alpha-2,1,0,0.09984759108079275,0.15683420126331804,0.27232900592007064,0.2092564836786098,1.1102230246251565e-16,True,,,,,
step2_trained_tv,ova-alpha-2,1,2,0.09984759108079275,0.08667129935549095,0.176048288085827,0.07484475917697135,1.1102230246251565e-16,True,,,,,
step2_trained_tv,ova-alpha-2,1,3,0.09984759108079275,0.11634736249027879,0.42847686776670113,0.03850796309141688,1.1102230246251565e-16,True,,,,,
step2_trained_tv,ova-alpha-2,2,0,0.08667129935549095,0.15683420126331804,0.4397316797430353,0.15955844243204853,1.1102230246251565e-16,True,,,,,
step2_trained_tv,ova-alpha-2,2,1,0.08667129935549095,0.09984759108079275,0.176048288085827,0.07484475917697135,1.1102230246251565e-16,True,,,,,
step2_trained_tv,ova-alpha-2,2,3,0.08667129935549095,0.11634736249027879,0.2664548458966009,0.11137370399449885,1.1102230246251565e-16,True,,,,,
step2_trained_tv,ova-alpha-2,3,0,0.11634736249027879,0.15683420126331804,0.5798359356089058,0.06982464570865658,1.1102230246251565e-16,True,,,,,
step2_trained_tv,ova-alpha-2,3,1,0.11634736249027879,0.09984759108079275,0.42847686776670113,0.03850796309141688,1.1102230246251565e-16,True,,,,,
step2_trained_tv,ova-alpha-2,3,2,0.11634736249027879,0.08667129935549095,0.2664548458966009,0.11137370399449885,1.1102230246251565e-16,True,,,,,
step2_trained_tv,agg-alpha-0,0,1,8.462018454970337e-05,6.908303341183991e-05,0.27232900592007064,5.7052869140291525e-05,3.903127820947816e-18,True,,,,,
step2_trained_tv,agg-alpha-0,0,2,8.462018454970337e-05,7.979975379525932e-05,0.4397316797430353,1.0962209402927142e-05,3.903127820947816e-18,True,,,,,
step2_trained_tv,agg-alpha-0,0,3,8.462018454970337e-05,0.00012002538403614081,0.5798359356089058,6.106071961417364e-05,3.903127820947816e-18,True,,,,,
step2_trained_tv,agg-alpha-0,1,0,6.908303341183991e-05,8.462018454970337e-05,0.27232900592007064,5.7052869140291525e-05,3.903127820947816e-18,True,,,,,
step2_trained_tv,agg-alpha-0,1,2,6.908303341183991e-05,7.979975379525932e-05,0.176048288085827,6.087375514946675e-05,3.903127820947816e-18,True,,,,,
step2_trained_tv,agg-alpha-0,1,3,6.908303341183991e-05,0.00012002538403614081,0.42847686776670113,0.00011889171728177915,3.903127820947816e-18,True,,,,,
step2_trained_tv,agg-alpha-0,2,0,7.979975379525932e-05,8.462018454970337e-05,0.4397316797430353,1.0962209402927142e-05,3.903127820947816e-18,True,,,,,
step2_trained_tv,agg-alpha-0,2,1,7.979975379525932e-05,6.908303341183991e-05,0.176048288085827,6.087375514946675e-05,3.903127820947816e-18,True,,,,,
step2_trained_tv,agg-alpha-0,2,3,7.979975379525932e-05,0.00012002538403614081,0.2664548458966009,0.00015096602993098214,3.903127820947816e-18,True,,,,,
step2_trained_tv,agg-alpha-0,3,0,0.00012002538403614081,8.462018454970337e-05,0.5798359356089058,6.106071961417364e-05,3.903127820947816e-18,True,,,,,
step2_trained_tv,agg-alpha-0,3,1,0.00012002538403614081,6.908303341183991e-05,0.42847686776670113,0.00011889171728177915,3.903127820947816e-18,True,,,,,
step2_trained_tv,agg-alpha-0,3,2,0.00012002538403614081,7.979975379525932e-05,0.2664548458966009,0.00015096602993098214,3.903127820947816e-18,True,,,,,
step2_trained_tv,agg-alpha-0.5,0,1,7.322941752078151e-05,0.0001167746208019623,0.27232900592007064,0.00015989924809537708,7.806255641895632e-18,True,,,,,
step2_trained_tv,agg-alpha-0.5,0,2,7.322941752078151e-05,0.0001655456072606159,0.4397316797430353,0.00020993754599118477,7.806255641895632e-18,True,,,,,
step2_trained_tv,agg-alpha-0.5,0,3,7.322941752078151e-05,0.00022703552613595931,0.5798359356089058,0.0002652579793173058,7.806255641895632e-18,True,,,,,
step2_trained_tv,agg-alpha-0.5,1,0,0.0001167746208019623,7.322941752078151e-05,0.27232900592007064,0.00015989924809537708,7.806255641895632e-18,True,,,,,
step2_trained_tv,agg-alpha-0.5,1,2,0.0001167746208019623,0.0001655456072606159,0.176048288085827,0.00027703186999964916,7.806255641895632e-18,True,,,,,
step2_trained_tv,agg-alpha-0.5,1,3,0.0001167746208019623,0.00022703552613595931,0.42847686776670113,0.00025733222404443153,7.806255641895632e-18,True,,,,,
step2_trained_tv,agg-alpha-0.5,2,0,0.0001655456072606159,7.322941752078151e-05,0.4397316797430353,0.00020993754599118477,7.806255641895632e-18,True,,,,,
step2_trained_tv,agg-alpha-0.5,2,1,0.0001655456072606159,0.0001167746208019623,0.176048288085827,0.00027703186999964916,7.806255641895632e-18,True,,,,,
step2_trained_tv,agg-alpha-0.5,2,3,0.0001655456072606159,0.00022703552613595931,0.2664548458966009,0.00023077050322892182,7.806255641895632e-18,True,,,,,
step2_trained_tv,agg-alpha-0.5,3,0,0.00022703552613595931,7.322941752078151e-05,0.5798359356089058,0.0002652579793173058,7.806255641895632e-18,True,,,,,
step2_trained_tv,agg-alpha-0.5,3,1,0.00022703552613595931,0.0001167746208019623,0.42847686776670113,0.00025733222404443153,7.806255641895632e-18,True,,,,,
step2_trained_tv,agg-alpha-0.5,3,2,0.00022703552613595931,0.0001655456072606159,0.2664548458966009,0.00023077050322892182,7.806255641895632e-18,True,,,,,
step2_trained_tv,agg-alpha-2,0,1,0.0002685047499502433,0.00023237937958908776,0.27232900592007064,0.0001326534066362305,8.673617379884035e-18,True,,,,,
step2_trained_tv,agg-alpha-2,0,2,0.0002685047499502433,0.0002635913972340857,0.4397316797430353,1.1173524543487076e-05,8.673617379884035e-18,True,,,,,
step2_trained_tv,agg-alpha-2,0,3,0.0002685047499502433,0.00036426264331067043,0.5798359356089058,0.0001651465310784307,8.673617379884035e-18,True,,,,,
step2_trained_tv,agg-alpha-2,1,0,0.00023237937958908776,0.0002685047499502433,0.27232900592007064,0.0001326534066362305,8.673617379884035e-18,True,,,,,
step2_trained_tv,agg-alpha-2,1,2,0.00023237937958908776,0.0002635913972340857,0.176048288085827,0.00017729236668169974,8.673617379884035e-18,True,,,,,
step2_trained_tv,agg-alpha-2,1,3,0.00023237937958908776,0.00036426264331067043,0.42847686776670113,0.00030779552793358967,8.673617379884035e-18,True,,,,,
step2_trained_tv,agg-alpha-2,2,0,0.0002635913972340857,0.0002685047499502433,0.4397316797430353,1.1173524543487076e-05,8.673617379884035e-18,True,,,,,
step2_trained_tv,agg-alpha-2,2,1,0.0002635913972340857,0.00023237937958908776,0.176048288085827,0.00017729236668169974,8.673617379884035e-18,True,,,,,
step2_trained_tv,agg-alpha-2,2,3,0.0002635913972340857,0.00036426264331067043,0.2664548458966009,0.0003778172835920225,8.673617379884035e-18,True,,,,,
step2_trained_tv,agg-alpha-2,3,0,0.00036426264331067043,0.0002685047499502433,0.5798359356089058,0.0001651465310784307,8.673617379884035e-18,True,,,,,
step2_trained_tv,agg-alpha-2,3,1,0.00036426264331067043,0.00023237937958908776,0.42847686776670113,0.00030779552793358967,8.673617379884035e-18,True,,,,,
step2_trained_tv,agg-alpha-2,3,2,0.00036426264331067043,0.0002635913972340857,0.2664548458966009,0.0003778172835920225,8.673617379884035e-18,True,,,,,
step4_finite_class,pair-alpha-0,,,,,,,,True,0,0.0001667013840951435,0.0001677793776379074,1.0779935427638926e-06,0.017407371992647788
step4_finite_class,pair-alpha-0,,,,,,,,True,1,0.0001667013840951436,0.00016777937763790744,1.0779935427638384e-06,0.017407371992647788
step4_finite_class,pair-alpha-0,,,,,,,,True,2,0.00016670138409514342,0.0001677793776379073,1.0779935427638926e-06,0.017407371992647788
step4_finite_class,pair-alpha-0,,,,,,,,True,3,0.00016670138409514328,0.00016777937763790717,1.0779935427638926e-06,0.017407371992647788
step4_finite_class,pair-alpha-0.5,,,,,,,,True,0,0.03697178468637955,0.03740143182226526,0.0004296471358857107,0.017407371992647788
step4_finite_class,pair-alpha-0.5,,,,,,,,True,1,0.03697178468637955,0.03740143182226526,0.0004296471358857107,0.017407371992647788
step4_finite_class,pair-alpha-0.5,,,,,,,,True,2,0.03697178468637955,0.03740143182226526,0.0004296471358857107,0.017407371992647788
step4_finite_class,pair-alpha-0.5,,,,,,,,True,3,0.03697178468637955,0.03740143182226526,0.0004296471358857107,0.017407371992647788
step4_finite_class,pair-alpha-2,,,,,,,,True,0,0.12125874047154597,0.12283257115760647,0.0015738306860604984,0.017407371992647788
step4_finite_class,pair-alpha-2,,,,,,,,True,1,0.12125874047154599,0.12283257115760647,0.0015738306860604845,0.017407371992647788
step4_finite_class,pair-alpha-2,,,,,,,,True,2,0.12125874047154599,0.12283257115760647,0.0015738306860604845,0.017407371992647788
step4_finite_class,pair-alpha-2,,,,,,,,True,3,0.12125874047154599,0.12283257115760647,0.0015738306860604845,0.017407371992647788
step4_finite_class,ova-alpha-0,,,,,,,,True,0,0.00018069267085680027,0.00018342369444208958,2.731023585289305e-06,0.017407371992647788
step4_finite_class,ova-alpha-0,,,,,,,,True,1,0.00018069267085680038,0.00018342369444208966,2.731023585289278e-06,0.017407371992647788
step4_finite_class,ova-alpha-0,,,,,,,,True,2,0.0001806926708568002,0.00018342369444208944,2.731023585289251e-06,0.017407371992647788
step4_finite_class,ova-alpha-0,,,,,,,,True,3,0.00018069267085680008,0.0001834236944420893,2.7310235852892237e-06,0.017407371992647788
step4_finite_class,ova-alpha-0.5,,,,,,,,True,0,0.006790660244799612,0.006862884776388608,7.222453158899599e-05,0.017407371992647788
step4_finite_class,ova-alpha-0.5,,,,,,,,True,1,0.006790660244799612,0.006862884776388608,7.222453158899599e-05,0.017407371992647788
step4_finite_class,ova-alpha-0.5,,,,,,,,True,2,0.006790660244799613,0.006862884776388608,7.222453158899425e-05,0.017407371992647788
step4_finite_class,ova-alpha-0.5,,,,,,,,True,3,0.006790660244799613,0.0068628847763886084,7.222453158899512e-05,0.017407371992647788
step4_finite_class,ova-alpha-2,,,,,,,,True,0,0.11701006196113728,0.11850572442513671,0.001495662463999431,0.017407371992647788
step4_finite_class,ova-alpha-2,,,,,,,,True,1,0.11701006196113728,0.11850572442513671,0.001495662463999431,0.017407371992647788
step4_finite_class,ova-alpha-2,,,,,,,,True,2,0.11701006196113728,0.11850572442513671,0.001495662463999431,0.017407371992647788
step4_finite_class,ova-alpha-2,,,,,,,,True,3,0.11701006196113728,0.11850572442513671,0.001495662463999431,0.017407371992647788
step4_finite_class,agg-alpha-0,,,,,,,,True,0,8.976159360393132e-05,9.065991159670527e-05,8.983179927739488e-07,0.017407371992647788
step4_finite_class,agg-alpha-0,,,,,,,,True,1,8.976159360393132e-05,9.06599115967053e-05,8.983179927739759e-07,0.017407371992647788
step4_finite_class,agg-alpha-0,,,,,,,,True,2,8.976159360393125e-05,9.06599115967052e-05,8.983179927739488e-07,0.017407371992647788
step4_finite_class,agg-alpha-0,,,,,,,,True,3,8.976159360393117e-05,9.065991159670513e-05,8.983179927739624e-07,0.017407371992647788
step4_finite_class,agg-alpha-0.5,,,,,,,,True,0,0.00014779302478218432,0.0001463189408882323,1.4740838939520133e-06,0.017407371992647788
step4_finite_class,agg-alpha-0.5,,,,,,,,True,1,0.00014779302478218432,0.0001463189408882323,1.4740838939520133e-06,0.017407371992647788
step4_finite_class,agg-alpha-0.5,,,,,,,,True,2,0.00014779302478218427,0.00014631894088823228,1.4740838939519862e-06,0.017407371992647788
step4_finite_class,agg-alpha-0.5,,,,,,,,True,3,0.0001477930247821843,0.00014631894088823228,1.4740838939520133e-06,0.017407371992647788
step4_finite_class,agg-alpha-2,,,,,,,,True,0,0.000290383578186528,0.00028776903287731833,2.6145453092096924e-06,0.017407371992647788
step4_finite_class,agg-alpha-2,,,,,,,,True,1,0.0002903835781865281,0.00028776903287731833,2.6145453092097466e-06,0.017407371992647788
step4_finite_class,agg-alpha-2,,,,,,,,True,2,0.00029038357818652797,0.0002877690328773183,2.6145453092096924e-06,0.017407371992647788
step4_finite_class,agg-alpha-2,,,,,,,,True,3,0.0002903835781865279,0.0002877690328773182,2.6145453092096924e-06,0.017407371992647788
